{
  "hidden_dim": 128,
  "num_layers": 2,
  "num_attention_heads": 2,
  "dropout": 0.4464704583099741,
  "lr": 0.0015930522616241021,
  "weight_decay": 0.000133112160807369,
  "batch_size": 64,
  "loss_alpha": 0.38493564427131044
}